model name,accuracy,precision_weighted,recall_weighted,f1_weighted,log_loss,roc_auc_weighted
LightGBM with BinaryRelevance,0.9115315562304855,0.7645170632324323,0.6306390607520431,0.6894672664194945,0.30564033026141935,0.9692501172239645
LightGBM with ClassifierChain,0.9108547368868342,0.7501083459546442,0.6418357689374491,0.6894634115521334,0.3312006318132587,0.965935585053338
LightGBM with LabelPowerset,0.819221274125489,0.2837068125875699,0.19502910629826267,0.1756804278673712,1.6084850659592438,0.568144949185806
Tuned LightGBM with BinaryRelevance,0.9137562838150401,0.7718779921153741,0.6275535482957935,0.6900204063607662,0.2965825163982846,0.9695072374328223
