model name,accuracy,precision_weighted,recall_weighted,f1_weighted,log_loss,roc_auc_weighted
Logistic Regression,0.5034370898047096,0.763951646418947,0.843164608362134,0.7816192444713309,5.400354194505465,0.8993132225687634
Naive Bayes,0.5121886552609145,0.8236595012928734,0.7121363958763302,0.7522841258335868,9.401659434347696,0.812123359107106
Random Forest,0.9128106413565773,0.9247937794502574,0.906249052876932,0.9118408676856186,4.9883996146887295,0.9838251351307934
LightGBM,0.9451384465973408,0.9231718737495724,0.9212333270892672,0.9200355220633692,4.936536852983814,0.98978598982515
Adaboost,0.6923286792115877,0.8260507422340965,0.8714545468634365,0.8394015087474044,5.452482003483427,0.9469298100574344
XGboost,0.9644422703403212,0.9358460621585288,0.9287431507086812,0.9310644605293772,4.890664023825169,0.9898848817575332
