model name,accuracy,precision_weighted,recall_weighted,f1_weighted,log_loss,roc_auc_weighted
LogReg with BinaryRelevance,0.7809501716734789,0.37836719931443136,0.8681250802412265,0.5162530775268767,0.3564779343762821,0.9545573819598822
LogReg with ClassifierChain,0.7977076107454733,0.32442959992580145,0.8952094633916078,0.4571179564026308,0.37331714530387133,0.9500684834537392
LogReg with LabelPowerset,0.5409128392416754,0.2606734512104982,0.6351870749044048,0.35300434287831106,0.3374778084485208,0.8937931533699668
